{
  "version": 1,
  "author": "Gabriela Silva",
  "editor": "wokwi",
  "parts": [
    { "type": "wokwi-esp32-devkit-v1", "id": "esp", "top": 0, "left": 0, "attrs": {} },
    {
      "type": "wokwi-led",
      "id": "led1",
      "top": 33.62,
      "left": -62.77,
      "attrs": { "color": "red" }
    },
    {
      "type": "wokwi-led",
      "id": "led2",
      "top": 32.83,
      "left": -110.99,
      "attrs": { "color": "blue" }
    },
    {
      "type": "wokwi-led",
      "id": "led3",
      "top": 32.04,
      "left": -156.84,
      "attrs": { "color": "green" }
    },
    {
      "type": "wokwi-led",
      "id": "led4",
      "top": 32.04,
      "left": -200.32,
      "attrs": { "color": "yellow" }
    },
    {
      "type": "wokwi-photoresistor-sensor",
      "id": "ldr1",
      "top": 223.35,
      "left": -83.33,
      "attrs": {}
    },
    {
      "type": "wokwi-buzzer",
      "id": "bz1",
      "top": -43.06,
      "left": 112.73,
      "attrs": { "volume": "0.1" }
    },
    {
      "type": "wokwi-pushbutton",
      "id": "btn1",
      "top": 75.87,
      "left": 205.98,
      "attrs": { "color": "red" }
    },
    {
      "type": "wokwi-pushbutton",
      "id": "btn2",
      "top": 54.05,
      "left": 341.18,
      "attrs": { "color": "black" }
    }
  ],
  "connections": [
    [ "esp:TX0", "$serialMonitor:RX", "", [] ],
    [ "esp:RX0", "$serialMonitor:TX", "", [] ],
    [ "led1:A", "esp:D12", "red", [ "v0" ] ],
    [ "led1:C", "esp:GND.2", "black", [ "v0" ] ],
    [ "led2:A", "esp:D14", "blue", [ "v0" ] ],
    [ "led2:C", "esp:GND.2", "black", [ "v0" ] ],
    [ "led3:A", "esp:D27", "green", [ "v0" ] ],
    [ "led3:C", "esp:GND.2", "black", [ "v0" ] ],
    [ "led4:A", "esp:D26", "gold", [ "v0" ] ],
    [ "led4:C", "esp:GND.2", "black", [ "v0" ] ],
    [ "ldr1:VCC", "esp:3V3", "red", [ "h0" ] ],
    [ "ldr1:GND", "esp:GND.1", "black", [ "h28.29", "v-100.35" ] ],
    [ "ldr1:AO", "esp:D15", "blue", [ "h37.77", "v-129.35" ] ],
    [ "bz1:1", "esp:GND.1", "black", [ "v0" ] ],
    [ "bz1:2", "esp:D4", "red", [ "v0" ] ],
    [ "btn1:1.l", "esp:D5", "green", [ "h0" ] ],
    [ "btn1:2.l", "esp:GND.1", "black", [ "v41.58", "h-104.68" ] ],
    [ "btn2:1.l", "esp:D18", "green", [ "h0" ] ],
    [ "btn2:2.l", "esp:GND.1", "black", [ "v63.4", "h-239.88" ] ]
  ]
}